{
    "r2_test": 0.4569997128708445,
    "r2_train": 0.6004008935564865,
    "rmse_test": 0.6230058458296963,
    "rmse_train": 0.5562736287523246,
    "mae_test": 0.4916171023903927,
    "mae_train": 0.43024372303349256,
    "mape_test": 0.08686702978570181,
    "mape_train": 0.07708700947435702,
    "ev_test": 0.45742992384243075,
    "ev_train": 0.6004120368054129,
    "overfitting_ratio": 0.11996293483666765,
    "residual_std": 0.6227589978394918,
    "cv_r2_mean": 0.4132872579329739,
    "cv_r2_std": 0.023026965185847053,
    "cv_rmse_mean": 0.6739228127422752,
    "cv_rmse_std": 0.01678878183914962,
    "cv_mae_mean": 0.5202905922163026,
    "cv_mae_std": 0.008201061960717421
}